epoch,train_seg_loss,train_edge_loss,train_total_loss,val_seg_loss,val_edge_loss,val_total_loss,learning_rate,epoch_time_sec,gpu_mem_mb
1,2.0821876525878906,1.862778902053833,3.9449665546417236,1.956449031829834,1.842505693435669,3.798954725265503,0.001,1.257213830947876,1481.46533203125
2,1.9650871753692627,1.8188766241073608,3.783963680267334,1.9508113861083984,1.8412580490112305,3.792069435119629,0.001,0.1885662078857422,1844.806640625
3,1.8978344202041626,1.7460275888442993,3.643862009048462,1.9346861839294434,1.834618091583252,3.7693042755126953,0.001,0.17781591415405273,1844.806640625
4,1.8051426410675049,1.6882212162017822,3.493363857269287,1.969343900680542,1.8546602725982666,3.8240041732788086,0.001,0.1904292106628418,1844.806640625
5,1.779125452041626,1.651961088180542,3.431086540222168,2.065835952758789,1.917062759399414,3.982898712158203,0.001,0.17729902267456055,1844.806640625
6,1.7442638874053955,1.6336050033569336,3.377868890762329,2.206618070602417,2.022007942199707,4.228626251220703,0.001,0.1780712604522705,1844.806640625
7,1.712205171585083,1.606796383857727,3.3190016746520996,2.1873621940612793,2.020451068878174,4.207813262939453,0.001,0.18373703956604004,1844.806640625
8,1.6928600072860718,1.5864310264587402,3.2792911529541016,2.1106672286987305,1.9638421535491943,4.074509620666504,0.001,0.18003630638122559,1844.806640625
9,1.6694005727767944,1.5694701671600342,3.238870620727539,2.0762360095977783,1.9376802444458008,4.013916015625,0.001,0.17702698707580566,1844.806640625
10,1.6519520282745361,1.5566381216049194,3.208590030670166,2.1235647201538086,1.9792462587356567,4.102810859680176,0.001,0.17984724044799805,1844.806640625
11,1.6329145431518555,1.5407650470733643,3.1736795902252197,2.1304373741149902,1.9826743602752686,4.11311149597168,0.001,0.17240118980407715,1844.806640625
12,1.6176950931549072,1.5292978286743164,3.1469929218292236,2.0758345127105713,1.9377284049987793,4.01356315612793,0.001,0.17498254776000977,1844.806640625
13,1.6009187698364258,1.512290358543396,3.1132092475891113,2.0653138160705566,1.9303452968597412,3.995659112930298,0.001,0.17734599113464355,1844.806640625
14,1.587255835533142,1.5002899169921875,3.087545871734619,2.0232913494110107,1.885371208190918,3.9086625576019287,0.001,0.17650771141052246,1844.806640625
15,1.5727081298828125,1.4877629280090332,3.0604710578918457,1.988776445388794,1.8815789222717285,3.8703553676605225,0.001,0.17407441139221191,1844.806640625
16,1.565279245376587,1.4812294244766235,3.0465087890625,1.92521333694458,1.7915229797363281,3.716736316680908,0.001,0.18018817901611328,1844.806640625
17,1.5540103912353516,1.4677685499191284,3.0217790603637695,1.827340841293335,1.6988911628723145,3.5262320041656494,0.001,0.18140029907226562,1844.806640625
18,1.5424373149871826,1.458690881729126,3.0011281967163086,1.7751023769378662,1.6472012996673584,3.4223036766052246,0.001,0.17642617225646973,1844.806640625
19,1.5315732955932617,1.450340747833252,2.9819140434265137,1.7532117366790771,1.6230040788650513,3.376215934753418,0.001,0.17749667167663574,1844.806640625
20,1.5216163396835327,1.4407061338424683,2.962322473526001,1.6802502870559692,1.5764057636260986,3.2566561698913574,0.001,0.1744248867034912,1844.806640625
21,1.5116386413574219,1.4324722290039062,2.944110870361328,1.6123449802398682,1.5241491794586182,3.1364941596984863,0.001,0.17745375633239746,1844.806640625
22,1.5014705657958984,1.4241366386413574,2.925607204437256,1.5456929206848145,1.4781627655029297,3.023855686187744,0.001,0.18764352798461914,1844.806640625
23,1.491496205329895,1.41680908203125,2.9083051681518555,1.5048284530639648,1.4455835819244385,2.9504120349884033,0.001,0.17216968536376953,1844.806640625
24,1.4815959930419922,1.4092857837677002,2.8908817768096924,1.4741885662078857,1.4156219959259033,2.889810562133789,0.001,0.17845845222473145,1844.806640625
25,1.472152829170227,1.4018709659576416,2.874023914337158,1.4550241231918335,1.3924919366836548,2.8475160598754883,0.001,0.1745896339416504,1844.806640625
26,1.4623026847839355,1.3955962657928467,2.8578989505767822,1.4444793462753296,1.3753341436386108,2.8198134899139404,0.001,0.17538881301879883,1844.806640625
27,1.4531235694885254,1.388672113418579,2.8417956829071045,1.4428935050964355,1.368607997894287,2.8115015029907227,0.001,-0.7879209518432617,1844.806640625
28,1.4436150789260864,1.3825603723526,2.8261754512786865,1.440615177154541,1.3622831106185913,2.802898406982422,0.001,0.17720746994018555,1844.806640625
29,1.4345495700836182,1.3764402866363525,2.8109898567199707,1.4350483417510986,1.3599474430084229,2.7949957847595215,0.001,0.18206787109375,1844.806640625
30,1.4262195825576782,1.3705329895019531,2.796752452850342,1.4136111736297607,1.3401836156845093,2.7537946701049805,0.001,0.19315528869628906,1844.806640625
31,1.419060468673706,1.365618109703064,2.7846784591674805,1.414811372756958,1.344454288482666,2.759265661239624,0.001,0.1881544589996338,1844.806640625
32,1.4121112823486328,1.3602876663208008,2.7723989486694336,1.3974010944366455,1.329633355140686,2.727034568786621,0.001,0.193922758102417,1844.806640625
33,1.403852105140686,1.3535709381103516,2.757422924041748,1.3952358961105347,1.336782693862915,2.73201847076416,0.001,0.1957533359527588,1844.806640625
34,1.3963333368301392,1.3495068550109863,2.745840072631836,1.3977580070495605,1.3435144424438477,2.741272449493408,0.001,0.18982291221618652,1844.806640625
35,1.389192819595337,1.3454248905181885,2.7346177101135254,1.380951166152954,1.3325711488723755,2.713522434234619,0.001,0.19322562217712402,1844.806640625
36,1.3826760053634644,1.340695858001709,2.723371982574463,1.370652198791504,1.3160656690597534,2.686717987060547,0.001,0.18033528327941895,1844.806640625
37,1.37750244140625,1.3346750736236572,2.7121775150299072,1.367974042892456,1.324704885482788,2.692678928375244,0.001,0.1958296298980713,1844.806640625
38,1.3701345920562744,1.3318310976028442,2.701965808868408,1.3625926971435547,1.325583577156067,2.688176155090332,0.001,0.18219971656799316,1844.806640625
39,1.3629534244537354,1.3266754150390625,2.689628839492798,1.3604440689086914,1.3248522281646729,2.6852962970733643,0.001,0.20204591751098633,1844.806640625
40,1.3571209907531738,1.3228163719177246,2.6799373626708984,1.356133222579956,1.3189111948013306,2.675044536590576,0.001,0.1829853057861328,1844.806640625
41,1.3516788482666016,1.3186938762664795,2.670372724533081,1.354921817779541,1.3183095455169678,2.673231363296509,0.001,0.17294073104858398,1844.806640625
42,1.3455817699432373,1.3146228790283203,2.6602046489715576,1.3548916578292847,1.3236204385757446,2.6785120964050293,0.001,0.17447304725646973,1844.806640625
43,1.3394951820373535,1.3115074634552002,2.6510026454925537,1.3594958782196045,1.3314411640167236,2.690937042236328,0.001,0.17576241493225098,1844.806640625
44,1.3343507051467896,1.3080826997756958,2.6424334049224854,1.3598484992980957,1.3342937231063843,2.6941423416137695,0.001,0.1739215850830078,1844.806640625
45,1.3287968635559082,1.304067611694336,2.632864475250244,1.3475854396820068,1.323857069015503,2.6714425086975098,0.001,0.18374228477478027,1844.806640625
46,1.3245022296905518,1.3003439903259277,2.6248462200164795,1.3463153839111328,1.3253200054168701,2.671635389328003,0.001,0.17415165901184082,1844.806640625
47,1.319103717803955,1.297010898590088,2.616114616394043,1.3410823345184326,1.324355125427246,2.6654374599456787,0.001,0.1704394817352295,1844.806640625
48,1.3131788969039917,1.2938578128814697,2.607036590576172,1.3412998914718628,1.3274927139282227,2.668792724609375,0.001,0.17084956169128418,1844.806640625
49,1.3078720569610596,1.2910887002944946,2.5989608764648438,1.3438907861709595,1.32932448387146,2.673215389251709,0.001,0.1693434715270996,1844.806640625
50,1.3034613132476807,1.2878358364105225,2.591297149658203,1.3283815383911133,1.3179984092712402,2.6463799476623535,0.001,0.1692793369293213,1844.806640625
51,1.299783706665039,1.284524917602539,2.584308624267578,1.33622407913208,1.3265912532806396,2.6628153324127197,0.001,0.18463802337646484,1844.806640625
52,1.294745922088623,1.2811425924301147,2.5758886337280273,1.3255136013031006,1.3171911239624023,2.642704725265503,0.001,0.17252898216247559,1844.806640625
53,1.2896848917007446,1.2781260013580322,2.5678110122680664,1.3135411739349365,1.3103413581848145,2.623882532119751,0.001,0.17488598823547363,1844.806640625
54,1.2849950790405273,1.2753729820251465,2.560368061065674,1.3234320878982544,1.319705843925476,2.6431379318237305,0.001,0.171187162399292,1844.806640625
55,1.2806026935577393,1.2726558446884155,2.5532584190368652,1.3081550598144531,1.305624008178711,2.613779067993164,0.001,0.1724562644958496,1844.806640625
56,1.2780482769012451,1.2697287797927856,2.5477771759033203,1.302740454673767,1.3076527118682861,2.6103930473327637,0.001,0.17293334007263184,1844.806640625
57,1.2721197605133057,1.2670750617980957,2.5391948223114014,1.2912508249282837,1.29012131690979,2.5813722610473633,0.001,0.1751391887664795,1844.806640625
58,1.2683074474334717,1.2642297744750977,2.5325372219085693,1.278442621231079,1.2786896228790283,2.5571322441101074,0.001,0.17336058616638184,1844.806640625
59,1.263946771621704,1.2612653970718384,2.525212287902832,1.2830584049224854,1.2895522117614746,2.57261061668396,0.001,0.1771707534790039,1844.806640625
60,1.2602527141571045,1.259364128112793,2.5196168422698975,1.2707306146621704,1.273361086845398,2.5440917015075684,0.001,0.1747889518737793,1844.806640625
61,1.2594561576843262,1.2572991847991943,2.5167553424835205,1.260679006576538,1.2662358283996582,2.5269148349761963,0.001,0.17097711563110352,1844.806640625
62,1.2539721727371216,1.2543327808380127,2.508305072784424,1.2590855360031128,1.2637724876403809,2.522858142852783,0.001,0.17029309272766113,1844.806640625
63,1.2502613067626953,1.2518738508224487,2.5021352767944336,1.2508907318115234,1.257216453552246,2.5081071853637695,0.001,0.1707913875579834,1844.806640625
64,1.2452735900878906,1.248468279838562,2.493741989135742,1.2513320446014404,1.2573676109313965,2.508699655532837,0.001,0.17026448249816895,1844.806640625
65,1.2416468858718872,1.246208667755127,2.4878554344177246,1.2602779865264893,1.2591423988342285,2.5194203853607178,0.001,0.17096710205078125,1844.806640625
66,1.2386159896850586,1.2434911727905273,2.482107162475586,1.241782546043396,1.2511839866638184,2.492966651916504,0.001,0.17291879653930664,1844.806640625
67,1.2349754571914673,1.2404234409332275,2.4753990173339844,1.2372024059295654,1.2479161024093628,2.4851183891296387,0.001,0.17266535758972168,1844.806640625
68,1.2313377857208252,1.2381722927093506,2.469510078430176,1.2332884073257446,1.2453618049621582,2.4786500930786133,0.001,0.18329691886901855,1844.806640625
69,1.2271664142608643,1.2355469465255737,2.4627132415771484,1.2303591966629028,1.2418326139450073,2.47219181060791,0.001,0.17078447341918945,1844.806640625
70,1.223677396774292,1.2320013046264648,2.455678701400757,1.2314958572387695,1.2397174835205078,2.4712133407592773,0.001,0.1703052520751953,1844.806640625
71,1.2194430828094482,1.2300360202789307,2.449479103088379,1.2294949293136597,1.2366037368774414,2.4660987854003906,0.001,0.171095609664917,1844.806640625
72,1.2160521745681763,1.227001428604126,2.443053722381592,1.221103310585022,1.232895016670227,2.453998327255249,0.001,0.17208409309387207,1844.806640625
73,1.2126200199127197,1.2243613004684448,2.436981201171875,1.2150343656539917,1.2306088209152222,2.445643186569214,0.001,0.16908884048461914,1844.806640625
74,1.208242416381836,1.221570611000061,2.4298129081726074,1.2155567407608032,1.2311391830444336,2.4466958045959473,0.001,0.175567626953125,1844.806640625
75,1.205770492553711,1.219517469406128,2.425287961959839,1.2113505601882935,1.2275513410568237,2.438901901245117,0.001,0.17059016227722168,1844.806640625
76,1.2056448459625244,1.217939019203186,2.423583984375,1.210242748260498,1.2262938022613525,2.4365365505218506,0.001,0.19093775749206543,1844.806640625
77,1.2006913423538208,1.21530282497406,2.415994167327881,1.205317735671997,1.2220091819763184,2.4273269176483154,0.001,0.17908668518066406,1844.806640625
78,1.1966230869293213,1.2121580839157104,2.408781051635742,1.1979179382324219,1.2196521759033203,2.417570114135742,0.001,0.17923355102539062,1844.806640625
79,1.190751314163208,1.2083237171173096,2.3990750312805176,1.1944499015808105,1.219713807106018,2.414163589477539,0.001,0.17234206199645996,1844.806640625
80,1.1873831748962402,1.2066348791122437,2.3940181732177734,1.1932134628295898,1.2188317775726318,2.4120452404022217,0.001,0.16985058784484863,1844.806640625
81,1.1837724447250366,1.2039318084716797,2.387704372406006,1.1931298971176147,1.215857744216919,2.408987522125244,0.001,0.17032694816589355,1844.806640625
82,1.1796894073486328,1.2006840705871582,2.380373477935791,1.1923329830169678,1.2146532535552979,2.4069862365722656,0.001,0.17373299598693848,1844.806640625
83,1.1761289834976196,1.1979708671569824,2.3740997314453125,1.1910154819488525,1.2143315076828003,2.4053468704223633,0.001,0.17650437355041504,1844.806640625
84,1.1726179122924805,1.1956430673599243,2.3682608604431152,1.187249779701233,1.2122201919555664,2.3994698524475098,0.001,0.18190407752990723,1844.806640625
85,1.1689660549163818,1.1928584575653076,2.3618245124816895,1.1804094314575195,1.2092803716659546,2.3896899223327637,0.001,0.16991353034973145,1844.806640625
86,1.1653883457183838,1.19003164768219,2.3554201126098633,1.176738977432251,1.2069182395935059,2.383657217025757,0.001,0.17859435081481934,1844.806640625
87,1.161549687385559,1.1870832443237305,2.3486328125,1.1735681295394897,1.2049833536148071,2.378551483154297,0.001,0.1815192699432373,1844.806640625
88,1.1586053371429443,1.1848118305206299,2.343417167663574,1.1687098741531372,1.200895071029663,2.36960506439209,0.001,0.17514634132385254,1844.806640625
89,1.1554813385009766,1.1823680400848389,2.3378493785858154,1.1659528017044067,1.2006627321243286,2.3666155338287354,0.001,0.17245721817016602,1844.806640625
90,1.1529524326324463,1.181305170059204,2.3342576026916504,1.1663181781768799,1.2001004219055176,2.3664186000823975,0.001,0.17228007316589355,1844.806640625
91,1.1541297435760498,1.1787437200546265,2.3328733444213867,1.1598998308181763,1.1961987018585205,2.3560986518859863,0.001,0.17562341690063477,1844.806640625
92,1.1475611925125122,1.1766178607940674,2.324179172515869,1.1531846523284912,1.1899044513702393,2.3430891036987305,0.001,0.1766519546508789,1844.806640625
93,1.1446353197097778,1.1747913360595703,2.3194265365600586,1.1498301029205322,1.1899021863937378,2.3397321701049805,0.001,0.1746838092803955,1844.806640625
94,1.1426177024841309,1.1741944551467896,2.316812038421631,1.1456407308578491,1.1854331493377686,2.331073760986328,0.001,0.17749428749084473,1844.806640625
95,1.138993501663208,1.1725566387176514,2.3115501403808594,1.1471374034881592,1.1792429685592651,2.3263802528381348,0.001,0.1791985034942627,1844.806640625
96,1.1343121528625488,1.1695177555084229,2.3038299083709717,1.1481225490570068,1.1820812225341797,2.3302037715911865,0.001,0.17430663108825684,1844.806640625
97,1.131155252456665,1.1679553985595703,2.2991106510162354,1.1404770612716675,1.1815954446792603,2.3220725059509277,0.001,0.17272138595581055,1844.806640625
98,1.1270264387130737,1.1651479005813599,2.2921743392944336,1.1370922327041626,1.1813715696334839,2.3184638023376465,0.001,0.17104315757751465,1844.806640625
99,1.1249110698699951,1.1638332605361938,2.2887444496154785,1.1351248025894165,1.1757900714874268,2.310914993286133,0.001,0.1729283332824707,1844.806640625
100,1.1195743083953857,1.1614487171173096,2.2810230255126953,1.1283718347549438,1.1741375923156738,2.302509307861328,0.001,0.17473220825195312,1844.806640625
101,1.117425560951233,1.1584866046905518,2.275912284851074,1.127872347831726,1.1719263792037964,2.2997987270355225,0.001,0.17170119285583496,1844.806640625
102,1.1140260696411133,1.155276894569397,2.2693028450012207,1.1227824687957764,1.1705294847488403,2.2933120727539062,0.001,0.1734781265258789,1844.806640625
103,1.1108379364013672,1.1533889770507812,2.2642269134521484,1.1147527694702148,1.1715443134307861,2.286297082901001,0.001,0.17459535598754883,1844.806640625
104,1.1076507568359375,1.1524649858474731,2.260115623474121,1.1134878396987915,1.167814016342163,2.281301975250244,0.001,0.17637348175048828,1844.806640625
105,1.1036434173583984,1.1489555835723877,2.252599000930786,1.1115586757659912,1.1658450365066528,2.2774038314819336,0.001,0.17496824264526367,1844.806640625
106,1.100881576538086,1.1484137773513794,2.249295234680176,1.1207658052444458,1.1675900220870972,2.288355827331543,0.001,0.17351651191711426,1844.806640625
107,1.1037646532058716,1.150054693222046,2.253819465637207,1.1157398223876953,1.181457757949829,2.2971975803375244,0.001,0.1731269359588623,1844.806640625
108,1.1012585163116455,1.1558626890182495,2.2571210861206055,1.1202750205993652,1.1835118532180786,2.3037867546081543,0.001,0.1732194423675537,1844.806640625
109,1.1041293144226074,1.155623435974121,2.2597527503967285,1.1084444522857666,1.1724185943603516,2.280863046646118,0.001,0.17244386672973633,1844.806640625
110,1.099517822265625,1.1511965990066528,2.2507143020629883,1.093146800994873,1.1536476612091064,2.2467944622039795,0.001,0.1733264923095703,1844.806640625
111,1.0945096015930176,1.1443558931350708,2.238865375518799,1.0761643648147583,1.1452569961547852,2.221421241760254,0.001,0.17162418365478516,1844.806640625
112,1.088944673538208,1.1495002508163452,2.2384448051452637,1.0562922954559326,1.141197919845581,2.1974902153015137,0.001,0.16936659812927246,1844.806640625
113,1.0846956968307495,1.1434842348098755,2.228179931640625,1.0546563863754272,1.14210045337677,2.1967568397521973,0.001,0.1737675666809082,1844.806640625
114,1.0821739435195923,1.141465663909912,2.223639488220215,1.0655195713043213,1.1409454345703125,2.206465005874634,0.001,0.1713085174560547,1844.806640625
115,1.0788447856903076,1.1402547359466553,2.219099521636963,1.0715763568878174,1.1356834173202515,2.2072596549987793,0.001,0.1731548309326172,1844.806640625
116,1.0759015083312988,1.1369363069534302,2.2128376960754395,1.0682027339935303,1.127955675125122,2.1961584091186523,0.001,0.17078208923339844,1844.806640625
117,1.0715076923370361,1.1318382024765015,2.203345775604248,1.0611697435379028,1.1246438026428223,2.1858134269714355,0.001,0.17043733596801758,1844.806640625
118,1.0670526027679443,1.1295908689498901,2.196643352508545,1.0564875602722168,1.1231515407562256,2.1796391010284424,0.001,0.17081117630004883,1844.806640625
119,1.0636235475540161,1.1307401657104492,2.194363594055176,1.053254246711731,1.1209330558776855,2.174187183380127,0.001,0.17224907875061035,1844.806640625
120,1.059964656829834,1.1265532970428467,2.1865179538726807,1.0547592639923096,1.1206486225128174,2.175407886505127,0.001,0.17320895195007324,1844.806640625
121,1.056692123413086,1.1235828399658203,2.1802749633789062,1.0564903020858765,1.1203866004943848,2.176877021789551,0.001,0.1727428436279297,1844.806640625
122,1.0540025234222412,1.1222100257873535,2.1762125492095947,1.053708553314209,1.1185740232467651,2.1722826957702637,0.001,0.184234619140625,1844.806640625
123,1.050640344619751,1.1195036172866821,2.1701440811157227,1.0521451234817505,1.1178772449493408,2.170022487640381,0.001,0.17179322242736816,1844.806640625
124,1.047641396522522,1.1183478832244873,2.165989398956299,1.0508110523223877,1.1161231994628906,2.1669342517852783,0.001,0.17401790618896484,1844.806640625
125,1.0441560745239258,1.115234136581421,2.1593902111053467,1.050671100616455,1.1201472282409668,2.170818328857422,0.001,0.171722412109375,1844.806640625
126,1.0412155389785767,1.1143323183059692,2.155547857284546,1.049994707107544,1.115438461303711,2.165433168411255,0.001,0.17161774635314941,1844.806640625
127,1.0380334854125977,1.1125339269638062,2.1505675315856934,1.0498425960540771,1.1150554418563843,2.164897918701172,0.001,0.17329621315002441,1844.806640625
128,1.0344517230987549,1.1107990741729736,2.1452507972717285,1.048829436302185,1.1157804727554321,2.164609909057617,0.001,0.17877984046936035,1844.806640625
129,1.0314972400665283,1.1088616847991943,2.1403589248657227,1.0461478233337402,1.115734577178955,2.1618824005126953,0.001,0.16890907287597656,1844.806640625
130,1.028287410736084,1.1064651012420654,2.1347525119781494,1.042230248451233,1.1159452199935913,2.158175468444824,0.001,0.16997003555297852,1844.806640625
131,1.0252087116241455,1.1051268577575684,2.130335569381714,1.0371861457824707,1.110066533088684,2.1472525596618652,0.001,0.17082452774047852,1844.806640625
132,1.0221352577209473,1.1029125452041626,2.1250476837158203,1.032308578491211,1.1071653366088867,2.1394739151000977,0.001,0.17279982566833496,1844.806640625
133,1.0189868211746216,1.1015304327011108,2.1205172538757324,1.028639793395996,1.1041483879089355,2.1327881813049316,0.001,0.17421865463256836,1844.806640625
134,1.016026496887207,1.099846363067627,2.115872859954834,1.0259370803833008,1.10377037525177,2.1297073364257812,0.001,0.1759471893310547,1844.806640625
135,1.0128521919250488,1.0983439683914185,2.1111960411071777,1.0242595672607422,1.1015946865081787,2.125854253768921,0.001,0.18221235275268555,1844.806640625
136,1.0098803043365479,1.0967200994491577,2.106600284576416,1.0218465328216553,1.1008696556091309,2.122716188430786,0.001,0.16995763778686523,1844.806640625
137,1.0066697597503662,1.0950568914413452,2.101726531982422,1.0189833641052246,1.1013343334197998,2.1203176975250244,0.001,0.17133069038391113,1844.806640625
138,1.0035275220870972,1.093705654144287,2.097233295440674,1.0161311626434326,1.1008515357971191,2.1169826984405518,0.001,0.17183661460876465,1844.806640625
139,1.0008094310760498,1.092362642288208,2.093172073364258,1.0119589567184448,1.100563406944275,2.1125223636627197,0.001,0.17051219940185547,1844.806640625
140,0.9979516267776489,1.091467261314392,2.089418888092041,1.0070658922195435,1.0985015630722046,2.105567455291748,0.001,0.1722550392150879,1844.806640625
141,0.9947056174278259,1.0904560089111328,2.0851616859436035,1.001347541809082,1.095582127571106,2.0969295501708984,0.001,0.17039823532104492,1844.806640625
142,0.99168461561203,1.0881171226501465,2.0798017978668213,0.9966624975204468,1.0981166362762451,2.0947790145874023,0.001,0.1707921028137207,1844.806640625
143,0.9888118505477905,1.088881492614746,2.077693462371826,0.9978248476982117,1.0957577228546143,2.0935826301574707,0.001,0.17123913764953613,1844.806640625
144,0.9885614514350891,1.0902396440505981,2.078801155090332,0.999620795249939,1.0971206426620483,2.0967414379119873,0.001,0.17222905158996582,1844.806640625
145,0.9889216423034668,1.0879651308059692,2.0768866539001465,0.9998694658279419,1.0961205959320068,2.0959901809692383,0.001,0.17016863822937012,1844.806640625
146,0.9857364892959595,1.0876524448394775,2.0733890533447266,0.9810877442359924,1.0879850387573242,2.069072723388672,0.001,0.17464494705200195,1844.806640625
147,0.9788579940795898,1.0854147672653198,2.064272880554199,0.9696421027183533,1.0841851234436035,2.0538272857666016,0.001,0.1697535514831543,1844.806640625
148,0.9765862822532654,1.087798833847046,2.064385175704956,0.9691174030303955,1.080561876296997,2.0496792793273926,0.001,0.17084074020385742,1844.806640625
149,0.9727829098701477,1.0825175046920776,2.05530047416687,0.9727107286453247,1.0880321264266968,2.0607428550720215,0.001,0.17161107063293457,1844.806640625
150,0.9714903235435486,1.0841749906539917,2.0556652545928955,0.9650090932846069,1.0830411911010742,2.0480504035949707,0.001,0.16916704177856445,1844.806640625
151,0.9665355682373047,1.0814881324768066,2.0480237007141113,0.9601316452026367,1.0844312906265259,2.044562816619873,0.001,0.1719975471496582,1844.806640625
152,0.9632855653762817,1.0811567306518555,2.0444421768188477,0.9598522782325745,1.084287405014038,2.0441396236419678,0.001,0.17192411422729492,1844.806640625
153,0.9597893953323364,1.0776985883712769,2.0374879837036133,0.9609326124191284,1.0894880294799805,2.0504207611083984,0.001,0.18201351165771484,1844.806640625
154,0.9575952887535095,1.0780045986175537,2.035599946975708,0.9576234817504883,1.081918716430664,2.0395421981811523,0.001,0.17148470878601074,1844.806640625
155,0.9539511799812317,1.0745781660079956,2.028529405593872,0.9552394151687622,1.081120252609253,2.0363597869873047,0.001,0.1730198860168457,1844.806640625
156,0.9506861567497253,1.0743762254714966,2.025062322616577,0.9518755674362183,1.0770374536514282,2.0289130210876465,0.001,0.1700434684753418,1844.806640625
157,0.9471670389175415,1.0718684196472168,2.0190353393554688,0.9472102522850037,1.0748960971832275,2.022106409072876,0.001,0.17199349403381348,1844.806640625
158,0.9442301392555237,1.0715124607086182,2.015742540359497,0.9440807104110718,1.0699234008789062,2.0140042304992676,0.001,0.17088675498962402,1844.806640625
159,0.9412816762924194,1.0689988136291504,2.0102806091308594,0.9380273222923279,1.0696775913238525,2.007704973220825,0.001,0.1732316017150879,1844.806640625
160,0.9378226399421692,1.0679125785827637,2.005735158920288,0.9343963861465454,1.0693540573120117,2.0037503242492676,0.001,0.1728658676147461,1844.806640625
161,0.9349285364151001,1.0667346715927124,2.0016632080078125,0.9311076402664185,1.0696139335632324,2.0007214546203613,0.001,0.1697242259979248,1844.806640625
162,0.9318976998329163,1.0656979084014893,1.9975955486297607,0.9277957081794739,1.0677769184112549,1.995572566986084,0.001,0.20136499404907227,1844.806640625
163,0.9275350570678711,1.0635002851486206,1.9910353422164917,0.9269534349441528,1.0682711601257324,1.9952245950698853,0.001,0.17285823822021484,1844.806640625
164,0.9245765209197998,1.0625698566436768,1.9871463775634766,0.9263976216316223,1.0680502653121948,1.994447946548462,0.001,0.1732170581817627,1844.806640625
165,0.9214522242546082,1.0617784261703491,1.9832305908203125,0.9240862131118774,1.0670899152755737,1.9911761283874512,0.001,0.17232155799865723,1844.806640625
166,0.9179614782333374,1.0603073835372925,1.9782688617706299,0.9191103577613831,1.0674059391021729,1.9865162372589111,0.001,0.1788184642791748,1844.806640625
167,0.9147733449935913,1.0591806173324585,1.9739539623260498,0.9131949543952942,1.0660818815231323,1.9792768955230713,0.001,0.1812903881072998,1844.806640625
168,0.911308765411377,1.0577272176742554,1.9690359830856323,0.9085613489151001,1.0661942958831787,1.9747556447982788,0.001,0.1768641471862793,1844.806640625
169,0.9080418348312378,1.0564148426055908,1.9644566774368286,0.9034779071807861,1.0642821788787842,1.9677600860595703,0.001,0.17683672904968262,1844.806640625
170,0.904632568359375,1.055301547050476,1.959934115409851,0.8985810279846191,1.0637381076812744,1.9623191356658936,0.001,0.17420196533203125,1844.806640625
171,0.9012202620506287,1.0542488098144531,1.9554691314697266,0.8940204381942749,1.0637699365615845,1.9577903747558594,0.001,0.17045211791992188,1844.806640625
172,0.8977111577987671,1.0530303716659546,1.9507415294647217,0.8906062841415405,1.0615389347076416,1.9521452188491821,0.001,0.16934609413146973,1844.806640625
173,0.8943093419075012,1.0521330833435059,1.9464423656463623,0.8888651728630066,1.0598305463790894,1.9486956596374512,0.001,0.17360734939575195,1844.806640625
174,0.8907306790351868,1.0509873628616333,1.9417181015014648,0.8872174620628357,1.0599360466003418,1.9471535682678223,0.001,0.1731564998626709,1844.806640625
175,0.8873950242996216,1.049762487411499,1.9371575117111206,0.8845070600509644,1.05826997756958,1.9427770376205444,0.001,0.1763622760772705,1844.806640625
176,0.8837841749191284,1.0486057996749878,1.9323899745941162,0.8815741539001465,1.0553869009017944,1.936961054801941,0.001,0.1731560230255127,1844.806640625
177,0.8804095387458801,1.047553539276123,1.9279630184173584,0.8769440054893494,1.0542460680007935,1.931190013885498,0.001,0.17406415939331055,1844.806640625
178,0.8768846988677979,1.0464390516281128,1.9233237504959106,0.8714324831962585,1.0523474216461182,1.9237799644470215,0.001,0.17673826217651367,1844.806640625
179,0.8734450936317444,1.0454514026641846,1.9188964366912842,0.8659107685089111,1.0524150133132935,1.9183257818222046,0.001,0.1790785789489746,1844.806640625
180,0.8698490858078003,1.044600248336792,1.9144493341445923,0.8601018190383911,1.0517480373382568,1.911849856376648,0.001,0.1735076904296875,1844.806640625
181,0.8664433360099792,1.0441672801971436,1.9106106758117676,0.8574672341346741,1.051655650138855,1.9091229438781738,0.001,0.1799030303955078,1844.806640625
182,0.8632811307907104,1.0432847738265991,1.9065659046173096,0.8524974584579468,1.0489108562469482,1.901408314704895,0.001,0.17446088790893555,1844.806640625
183,0.8592708110809326,1.0429413318634033,1.902212142944336,0.8498845100402832,1.0477122068405151,1.8975967168807983,0.001,0.17391633987426758,1844.806640625
184,0.8553783297538757,1.0407819747924805,1.896160364151001,0.8482825756072998,1.0470566749572754,1.8953392505645752,0.001,0.17835330963134766,1844.806640625
185,0.8518831729888916,1.0398108959197998,1.8916940689086914,0.8456814885139465,1.0452595949172974,1.8909411430358887,0.001,0.17450761795043945,1844.806640625
186,0.8487568497657776,1.0394912958145142,1.8882482051849365,0.8497232794761658,1.0512498617172241,1.9009730815887451,0.001,0.17350125312805176,1844.806640625
187,0.8483076095581055,1.0403159856796265,1.888623595237732,0.8373858332633972,1.0455602407455444,1.8829460144042969,0.001,0.17584228515625,1844.806640625
188,0.8413270711898804,1.041021466255188,1.8823485374450684,0.831190288066864,1.0404201745986938,1.871610403060913,0.001,0.17491579055786133,1844.806640625
189,0.8384263515472412,1.039805293083191,1.8782316446304321,0.8331347703933716,1.0463827848434448,1.8795175552368164,0.001,0.1728830337524414,1844.806640625
190,0.8357395529747009,1.0387934446334839,1.87453293800354,0.8185006976127625,1.0396795272827148,1.858180284500122,0.001,0.17298007011413574,1844.806640625
191,0.8295546770095825,1.0383380651474,1.8678927421569824,0.8147503137588501,1.0417543649673462,1.8565046787261963,0.001,0.16935968399047852,1844.806640625
192,0.8277571797370911,1.0387332439422607,1.866490364074707,0.8175897598266602,1.0412245988845825,1.8588143587112427,0.001,0.1702110767364502,1844.806640625
193,0.8244048953056335,1.037169098854065,1.8615739345550537,0.8096708655357361,1.0366460084915161,1.8463168144226074,0.001,0.1756432056427002,1844.806640625
194,0.8210386633872986,1.0339837074279785,1.8550224304199219,0.7990350127220154,1.0330029726028442,1.8320379257202148,0.001,0.180098295211792,1844.806640625
195,0.81576007604599,1.032899260520935,1.8486592769622803,0.7956315279006958,1.0338315963745117,1.8294631242752075,0.001,0.16984987258911133,1844.806640625
196,0.8112516403198242,1.0327677726745605,1.8440194129943848,0.7932978868484497,1.0325580835342407,1.8258559703826904,0.001,0.17754197120666504,1844.806640625
197,0.806029736995697,1.0307908058166504,1.8368206024169922,0.7916748523712158,1.0300257205963135,1.8217005729675293,0.001,0.1785118579864502,1844.806640625
198,0.8018633723258972,1.029711127281189,1.8315744400024414,0.7888641357421875,1.0293207168579102,1.8181848526000977,0.001,0.17343926429748535,1844.806640625
199,0.7973211407661438,1.0291215181350708,1.8264427185058594,0.7851564288139343,1.027756929397583,1.812913417816162,0.001,0.17681097984313965,1844.806640625
200,0.7934696078300476,1.027666449546814,1.8211359977722168,0.7856565713882446,1.0258631706237793,1.811519742012024,0.001,0.17550373077392578,1844.806640625
201,0.7900775671005249,1.0261714458465576,1.8162490129470825,0.776878297328949,1.0234359502792358,1.80031418800354,0.001,0.1733400821685791,1844.806640625
202,0.7850126028060913,1.0247102975845337,1.809722900390625,0.7715265154838562,1.0215013027191162,1.7930278778076172,0.001,0.18526721000671387,1844.806640625
203,0.7804388999938965,1.023995041847229,1.8044339418411255,0.7746207118034363,1.02304208278656,1.7976627349853516,0.001,0.17530322074890137,1844.806640625
204,0.7758862972259521,1.0239250659942627,1.7998113632202148,0.7700936794281006,1.0210171937942505,1.791110873222351,0.001,0.17115235328674316,1844.806640625
205,0.7711488008499146,1.0228840112686157,1.7940328121185303,0.7649943232536316,1.0197391510009766,1.784733533859253,0.001,0.17441701889038086,1844.806640625
206,0.7666982412338257,1.0212414264678955,1.7879396677017212,0.755674421787262,1.0215213298797607,1.777195692062378,0.001,0.17362618446350098,1844.806640625
207,0.7620475888252258,1.0203522443771362,1.7823998928070068,0.7449600100517273,1.0166651010513306,1.761625051498413,0.001,0.17576932907104492,1844.806640625
208,0.7575420141220093,1.0191340446472168,1.776676058769226,0.7441881895065308,1.0190455913543701,1.7632337808609009,0.001,0.18234825134277344,1844.806640625
209,0.7532298564910889,1.0187232494354248,1.7719531059265137,0.734701931476593,1.0168707370758057,1.751572608947754,0.001,0.18136930465698242,1844.806640625
210,0.7478586435317993,1.0164175033569336,1.764276146888733,0.7308024764060974,1.0162535905838013,1.747056007385254,0.001,0.17279696464538574,1844.806640625
211,0.7424209713935852,1.0161080360412598,1.7585289478302002,0.7358536720275879,1.0154881477355957,1.7513418197631836,0.001,0.17314648628234863,1844.806640625
212,0.7381867170333862,1.0153942108154297,1.753580927848816,0.72877436876297,1.0137407779693604,1.7425150871276855,0.001,0.18643689155578613,1844.806640625
213,0.7331611514091492,1.0143303871154785,1.7474915981292725,0.730797529220581,1.0172114372253418,1.7480089664459229,0.001,0.17361950874328613,1844.806640625
214,0.7279020547866821,1.0133708715438843,1.7412729263305664,0.724128782749176,1.012978196144104,1.7371070384979248,0.001,0.1730039119720459,1844.806640625
215,0.7231915593147278,1.0123599767684937,1.7355515956878662,0.7323662638664246,1.013066291809082,1.7454326152801514,0.001,0.17391538619995117,1844.806640625
216,0.7209995985031128,1.0118197202682495,1.7328193187713623,0.715050995349884,1.009596824645996,1.7246477603912354,0.001,0.1734466552734375,1844.806640625
217,0.7138286828994751,1.0107723474502563,1.7246010303497314,0.7042105793952942,1.010870337486267,1.715080976486206,0.001,0.16981124877929688,1844.806640625
218,0.7081917524337769,1.0087631940841675,1.7169549465179443,0.7091590762138367,1.0154293775558472,1.724588394165039,0.001,0.17217087745666504,1844.806640625
219,0.7030722498893738,1.0094197988510132,1.7124919891357422,0.7067492008209229,1.0118087530136108,1.7185579538345337,0.001,0.1816244125366211,1844.806640625
220,0.6994500160217285,1.0099855661392212,1.7094355821609497,0.716555118560791,1.0091450214385986,1.7257001399993896,0.001,0.17035198211669922,1844.806640625
221,0.6969463229179382,1.0076534748077393,1.7045998573303223,0.6995417475700378,1.0089765787124634,1.7085182666778564,0.001,0.17235493659973145,1844.806640625
222,0.6913848519325256,1.0073710680007935,1.6987559795379639,0.678973376750946,1.0030791759490967,1.6820526123046875,0.001,-0.8019728660583496,1844.806640625
223,0.6877468228340149,1.007728934288025,1.6954758167266846,0.6919620633125305,1.0131299495697021,1.705091953277588,0.001,0.17251992225646973,1844.806640625
224,0.6915050148963928,1.0070635080337524,1.69856858253479,0.687148928642273,1.0138254165649414,1.7009743452072144,0.001,0.17256402969360352,1844.806640625
225,0.6849730610847473,1.0078047513961792,1.6927778720855713,0.652970016002655,1.0019811391830444,1.6549510955810547,0.001,0.17299389839172363,1844.806640625
226,0.6696425080299377,1.0042352676391602,1.6738777160644531,0.6561901569366455,0.9960203766822815,1.6522104740142822,0.001,0.18008184432983398,1844.806640625
227,0.6729646325111389,1.0082042217254639,1.681168794631958,0.6946777701377869,1.0059021711349487,1.7005798816680908,0.001,0.17289042472839355,1844.806640625
228,0.6695549488067627,1.0068399906158447,1.6763949394226074,0.6961855888366699,1.0103291273117065,1.7065147161483765,0.001,0.17156505584716797,1844.806640625
229,0.6670928001403809,1.0066101551055908,1.6737029552459717,0.6604852676391602,1.00821053981781,1.6686958074569702,0.001,0.1736469268798828,1844.806640625
230,0.6566177606582642,1.0053225755691528,1.661940336227417,0.6194370985031128,1.0005007982254028,1.6199378967285156,0.001,0.17532920837402344,1844.806640625
231,0.6496468782424927,1.0039455890655518,1.6535924673080444,0.604324996471405,0.9934325814247131,1.5977575778961182,0.001,0.18138933181762695,1844.806640625
232,0.6386983394622803,1.0007144212722778,1.639412760734558,0.6150001883506775,1.0016266107559204,1.6166267395019531,0.001,0.1715385913848877,1844.806640625
233,0.6339545249938965,1.001630187034607,1.6355847120285034,0.6251031160354614,0.9940043687820435,1.6191074848175049,0.001,0.17564821243286133,1844.806640625
234,0.6283315420150757,0.9981386065483093,1.6264700889587402,0.6376985311508179,0.9966476559638977,1.6343462467193604,0.001,0.1891648769378662,1844.806640625
235,0.6206955313682556,0.9995048642158508,1.6202003955841064,0.6276397109031677,0.9947212934494019,1.6223609447479248,0.001,0.17556142807006836,1844.806640625
236,0.6133811473846436,0.9978747367858887,1.6112558841705322,0.6125191450119019,0.9928779006004333,1.6053969860076904,0.001,0.1777946949005127,1844.806640625
237,0.6068367958068848,0.995114803314209,1.6019515991210938,0.6007140278816223,0.9890913963317871,1.5898053646087646,0.001,0.17204046249389648,1844.806640625
238,0.6002704501152039,0.9946115612983704,1.5948820114135742,0.5974030494689941,0.9867833256721497,1.584186315536499,0.001,0.1687631607055664,1844.806640625
239,0.5938043594360352,0.9919429421424866,1.585747241973877,0.5996651649475098,0.9875571727752686,1.5872223377227783,0.001,0.17258620262145996,1844.806640625
240,0.5866949558258057,0.9912883043289185,1.5779832601547241,0.6020883321762085,0.9877654910087585,1.5898537635803223,0.001,0.17511630058288574,1844.806640625
241,0.5803945660591125,0.9895299077033997,1.5699244737625122,0.599185585975647,0.9886060953140259,1.5877916812896729,0.001,0.17228126525878906,1844.806640625
242,0.5741856694221497,0.9875349402427673,1.561720609664917,0.5857848525047302,0.9892147779464722,1.5749995708465576,0.001,0.18018674850463867,1844.806640625
243,0.5669387578964233,0.9864590167999268,1.55339777469635,0.5741252303123474,0.9886488318443298,1.5627740621566772,0.001,0.17650079727172852,1844.806640625
244,0.5605061054229736,0.9851110577583313,1.5456171035766602,0.5622204542160034,0.9876619577407837,1.549882411956787,0.001,0.17454075813293457,1844.806640625
245,0.5535792112350464,0.9837643504142761,1.5373435020446777,0.5577435493469238,0.9892327189445496,1.5469763278961182,0.001,0.17125964164733887,1844.806640625
246,0.5468566417694092,0.9818998575210571,1.5287564992904663,0.560554563999176,0.9926371574401855,1.5531916618347168,0.001,0.17263007164001465,1844.806640625
247,0.5401917695999146,0.9808558225631714,1.521047592163086,0.5619969964027405,0.9865902662277222,1.5485873222351074,0.001,0.17333769798278809,1844.806640625
248,0.5333319902420044,0.9787733554840088,1.5121053457260132,0.5566468238830566,0.9855884909629822,1.5422353744506836,0.001,0.1699812412261963,1844.806640625
249,0.5269104242324829,0.9778039455413818,1.5047143697738647,0.5415248274803162,0.9869824051856995,1.5285072326660156,0.001,0.1834728717803955,1844.806640625
250,0.5206674933433533,0.976510763168335,1.497178316116333,0.5309378504753113,0.9850720167160034,1.51600980758667,0.001,0.17264533042907715,1844.806640625
251,0.5148707628250122,0.9752867221832275,1.4901574850082397,0.5165520906448364,0.9790112376213074,1.495563268661499,0.001,0.18256306648254395,1844.806640625
252,0.5107525587081909,0.9742572903633118,1.4850099086761475,0.5309323668479919,0.9833972454071045,1.5143296718597412,0.001,0.1764063835144043,1844.806640625
253,0.5125309228897095,0.9753150939941406,1.48784601688385,0.4995807111263275,0.9759498834609985,1.4755306243896484,0.001,0.1715712547302246,1844.806640625
254,0.49927210807800293,0.9725707769393921,1.471842885017395,0.4873514175415039,0.9820060729980469,1.4693574905395508,0.001,0.17024540901184082,1844.806640625
255,0.5047047734260559,0.9772080183029175,1.4819128513336182,0.5381391644477844,1.0089774131774902,1.5471165180206299,0.001,0.1728372573852539,1844.806640625
256,0.5160078406333923,0.9975000619888306,1.5135078430175781,0.5130746960639954,1.0406185388565063,1.5536932945251465,0.001,0.1743028163909912,1844.806640625
257,0.5135001540184021,1.0061062574386597,1.519606351852417,0.462458074092865,1.060639500617981,1.5230975151062012,0.001,0.1730799674987793,1844.806640625
258,0.4934587776660919,1.0149341821670532,1.5083929300308228,0.4426356554031372,1.0394535064697266,1.4820891618728638,0.001,0.17305612564086914,1844.806640625
259,0.4877893924713135,1.0141680240631104,1.5019574165344238,0.4399843215942383,1.0238268375396729,1.4638111591339111,0.001,0.18884587287902832,1844.806640625
260,0.4713793992996216,1.0070947408676147,1.4784741401672363,0.4773942530155182,1.0187674760818481,1.496161699295044,0.001,0.17183184623718262,1844.806640625
261,0.46783122420310974,0.9990406036376953,1.4668718576431274,0.4809252619743347,1.0055314302444458,1.4864566326141357,0.001,0.17346954345703125,1844.806640625
262,0.46354472637176514,0.9879887104034424,1.4515334367752075,0.4911894202232361,0.996941089630127,1.4881305694580078,0.001,0.17295265197753906,1844.806640625
263,0.4598301351070404,0.9852759838104248,1.4451061487197876,0.4296409785747528,0.9963247776031494,1.4259657859802246,0.001,0.17118406295776367,1844.806640625
264,0.4496399462223053,0.9794148802757263,1.429054856300354,0.41850364208221436,0.9818508625030518,1.4003545045852661,0.001,0.17134666442871094,1844.806640625
265,0.44501787424087524,0.9743046760559082,1.4193224906921387,0.40370774269104004,0.9853464365005493,1.3890541791915894,0.001,0.1701200008392334,1844.806640625
266,0.43939390778541565,0.9746916890144348,1.4140856266021729,0.4185311794281006,0.9729445576667786,1.3914756774902344,0.001,0.17391753196716309,1844.806640625
267,0.43367189168930054,0.9712454676628113,1.4049173593521118,0.4276794195175171,0.9677252769470215,1.3954046964645386,0.001,0.1771864891052246,1844.806640625
268,0.4259096384048462,0.9683297276496887,1.3942394256591797,0.4189729392528534,0.970225989818573,1.389198899269104,0.001,0.1829679012298584,1844.806640625
269,0.41361668705940247,0.9672019481658936,1.3808186054229736,0.40370798110961914,0.9754809141159058,1.379188895225525,0.001,0.19028258323669434,1844.806640625
270,0.40849941968917847,0.9653794765472412,1.3738789558410645,0.39212629199028015,0.9826928377151489,1.3748191595077515,0.001,0.18201017379760742,1844.806640625
271,0.4022548496723175,0.9615228772163391,1.363777756690979,0.43577444553375244,1.0140115022659302,1.4497859477996826,0.001,0.17005300521850586,1844.806640625
272,0.3952617347240448,0.9601223468780518,1.355384111404419,0.41402187943458557,1.0019702911376953,1.4159921407699585,0.001,0.1706240177154541,1844.806640625
273,0.38843828439712524,0.9579247832298279,1.3463630676269531,0.4162522852420807,0.9736081957817078,1.3898605108261108,0.001,0.17055463790893555,1844.806640625
274,0.3833163380622864,0.956016480922699,1.3393328189849854,0.39001092314720154,0.9647216200828552,1.3547325134277344,0.001,0.16929268836975098,1844.806640625
275,0.37480437755584717,0.9536955952644348,1.3285000324249268,0.39022982120513916,0.9684725403785706,1.3587024211883545,0.001,0.17499232292175293,1844.806640625
276,0.36906343698501587,0.9515147805213928,1.3205782175064087,0.37180113792419434,0.9747621417045593,1.3465633392333984,0.001,0.17404389381408691,1844.806640625
277,0.361955463886261,0.949354350566864,1.311309814453125,0.3631938099861145,0.9832561612129211,1.3464499711990356,0.001,0.17078638076782227,1844.806640625
278,0.3553737998008728,0.9469885230064392,1.302362322807312,0.3738422691822052,0.986598551273346,1.3604408502578735,0.001,0.1731569766998291,1844.806640625
279,0.35035818815231323,0.9456786513328552,1.2960368394851685,0.3442874550819397,0.9731932878494263,1.3174808025360107,0.001,0.17400574684143066,1844.806640625
280,0.34513789415359497,0.9435228705406189,1.2886607646942139,0.3530896306037903,0.9698627591133118,1.322952389717102,0.001,0.1712503433227539,1844.806640625
281,0.3383418619632721,0.9412540197372437,1.2795958518981934,0.34636956453323364,0.9671506285667419,1.3135201930999756,0.001,0.17309331893920898,1844.806640625
282,0.333238422870636,0.9396138787269592,1.2728523015975952,0.3487493097782135,0.9634485840797424,1.3121979236602783,0.001,0.17074799537658691,1844.806640625
283,0.3310691714286804,0.9377926588058472,1.2688617706298828,0.3227670192718506,0.9596623778343201,1.2824294567108154,0.001,0.17179560661315918,1844.806640625
284,0.32137739658355713,0.9345316886901855,1.2559090852737427,0.32180529832839966,0.9616404175758362,1.2834457159042358,0.001,0.17783403396606445,1844.806640625
285,0.32006776332855225,0.9334450960159302,1.2535128593444824,0.31596794724464417,0.9617398381233215,1.277707815170288,0.001,0.17147564888000488,1844.806640625
286,0.32102617621421814,0.9353076219558716,1.256333827972412,0.30020588636398315,0.9443784952163696,1.244584321975708,0.001,0.1748967170715332,1844.806640625
287,0.3085183799266815,0.9310581088066101,1.2395764589309692,0.31245720386505127,0.9472391605377197,1.259696364402771,0.001,0.18321752548217773,1844.806640625
288,0.3141289949417114,0.931830644607544,1.2459596395492554,0.31859031319618225,0.9412699341773987,1.2598602771759033,0.001,0.17467188835144043,1844.806640625
289,0.309137225151062,0.927516520023346,1.2366538047790527,0.3154304623603821,0.9534460306167603,1.268876552581787,0.001,0.1714797019958496,1844.806640625
290,0.3151649534702301,0.9322806000709534,1.2474455833435059,0.3158140778541565,0.953657329082489,1.2694714069366455,0.001,0.17080020904541016,1844.806640625
291,0.3108985722064972,0.9312851428985596,1.2421836853027344,0.3101467490196228,0.9453961253166199,1.2555428743362427,0.001,0.1711132526397705,1844.806640625
292,0.3180248737335205,0.9377337098121643,1.25575852394104,0.28216972947120667,0.939581036567688,1.2217507362365723,0.001,0.17322635650634766,1844.806640625
293,0.29712414741516113,0.9310246109962463,1.2281486988067627,0.3016229569911957,0.9442903399467468,1.2459132671356201,0.001,0.17574548721313477,1844.806640625
294,0.3219420909881592,0.9379693865776062,1.2599115371704102,0.2882349491119385,0.9345287680625916,1.2227637767791748,0.001,0.17216873168945312,1844.806640625
295,0.3039461076259613,0.9281046986579895,1.2320507764816284,0.2830110192298889,0.9305553436279297,1.2135663032531738,0.001,0.17227745056152344,1844.806640625
296,0.30097877979278564,0.9293529391288757,1.2303316593170166,0.2585061490535736,0.9265958070755005,1.1851019859313965,0.001,0.1723177433013916,1844.806640625
297,0.28428617119789124,0.9327096343040466,1.2169958353042603,0.2610161304473877,0.9224583506584167,1.1834745407104492,0.001,0.17139792442321777,1844.806640625
298,0.2753167748451233,0.9217526912689209,1.1970694065093994,0.25413379073143005,0.9248812198638916,1.179015040397644,0.001,0.17127108573913574,1844.806640625
299,0.2673874795436859,0.9200655817985535,1.187453031539917,0.259493350982666,0.9221467971801758,1.1816401481628418,0.001,0.1799917221069336,1844.806640625
300,0.2639334201812744,0.9158298373222351,1.1797633171081543,0.30727630853652954,0.9388217329978943,1.2460980415344238,0.001,0.17980432510375977,1844.806640625
